{
  "1000": {
    "UCS": {
      "path_cost": 2363.9133333333334,
      "path_length": 13.0,
      "nodes_expanded": 512.3333333333334,
      "nodes_created": 7582.666666666667,
      "runtime_ms": 24.894205729166668,
      "peak_memory_kb": 116.60611979166667,
      "success_rate": 1.0
    },
    "Greedy": {
      "path_cost": 2995.593333333333,
      "path_length": 10.666666666666666,
      "nodes_expanded": 10.666666666666666,
      "nodes_created": 144.33333333333334,
      "runtime_ms": 0.6700032552083334,
      "peak_memory_kb": 20.2578125,
      "success_rate": 1.0
    },
    "A*": {
      "path_cost": 2363.9133333333334,
      "path_length": 13.0,
      "nodes_expanded": 163.66666666666666,
      "nodes_created": 2453.0,
      "runtime_ms": 12.618977864583334,
      "peak_memory_kb": 67.6669921875,
      "success_rate": 1.0
    },
    "BULB": {
      "path_cost": 2363.9133333333334,
      "path_length": 13.0,
      "nodes_expanded": 1728.0,
      "nodes_created": 245.33333333333334,
      "runtime_ms": 17.973551432291668,
      "peak_memory_kb": 315.6901041666667,
      "success_rate": 1.0
    },
    "BFS": {
      "path_cost": 2562.8333333333335,
      "path_length": 10.0,
      "nodes_expanded": 384.0,
      "nodes_created": 5700.666666666667,
      "runtime_ms": 30.043050130208332,
      "peak_memory_kb": 70.0224609375,
      "success_rate": 1.0
    },
    "DFS": {
      "path_cost": 163809.3300000001,
      "path_length": 711.3333333333334,
      "nodes_expanded": 1155.6666666666667,
      "nodes_created": 17164.666666666668,
      "runtime_ms": 31.60986328125,
      "peak_memory_kb": 1230.62890625,
      "success_rate": 1.0
    }
  },
  "3000": {
    "UCS": {
      "path_cost": 7404.666666666667,
      "path_length": 26.666666666666668,
      "nodes_expanded": 1737.0,
      "nodes_created": 25996.0,
      "runtime_ms": 81.81412760416667,
      "peak_memory_kb": 259.0859375,
      "success_rate": 1.0
    },
    "Greedy": {
      "path_cost": 9584.686666666666,
      "path_length": 21.0,
      "nodes_expanded": 21.0,
      "nodes_created": 294.0,
      "runtime_ms": 1.5069986979166667,
      "peak_memory_kb": 43.319010416666664,
      "success_rate": 1.0
    },
    "A*": {
      "path_cost": 7404.666666666667,
      "path_length": 26.666666666666668,
      "nodes_expanded": 563.6666666666666,
      "nodes_created": 8403.0,
      "runtime_ms": 40.136311848958336,
      "peak_memory_kb": 147.6875,
      "success_rate": 1.0
    },
    "BULB": {
      "path_cost": 7404.666666666667,
      "path_length": 26.666666666666668,
      "nodes_expanded": 6333.666666666667,
      "nodes_created": 709.3333333333334,
      "runtime_ms": 63.792724609375,
      "peak_memory_kb": 948.4401041666666,
      "success_rate": 1.0
    },
    "BFS": {
      "path_cost": 9844.359999999999,
      "path_length": 18.333333333333332,
      "nodes_expanded": 1636.3333333333333,
      "nodes_created": 24510.333333333332,
      "runtime_ms": 192.82169596354166,
      "peak_memory_kb": 181.65885416666666,
      "success_rate": 1.0
    },
    "DFS": {
      "path_cost": 547777.1866666668,
      "path_length": 1384.6666666666667,
      "nodes_expanded": 2307.3333333333335,
      "nodes_created": 34589.0,
      "runtime_ms": 65.30216471354167,
      "peak_memory_kb": 2527.8489583333335,
      "success_rate": 1.0
    }
  },
  "5000": {
    "UCS": {
      "path_cost": 9286.086666666666,
      "path_length": 25.666666666666668,
      "nodes_expanded": 2274.6666666666665,
      "nodes_created": 34086.666666666664,
      "runtime_ms": 111.15690104166667,
      "peak_memory_kb": 341.1041666666667,
      "success_rate": 1.0
    },
    "Greedy": {
      "path_cost": 12158.203333333333,
      "path_length": 20.666666666666668,
      "nodes_expanded": 20.666666666666668,
      "nodes_created": 296.3333333333333,
      "runtime_ms": 1.6832682291666667,
      "peak_memory_kb": 44.220052083333336,
      "success_rate": 1.0
    },
    "A*": {
      "path_cost": 9286.086666666666,
      "path_length": 25.666666666666668,
      "nodes_expanded": 576.6666666666666,
      "nodes_created": 8633.0,
      "runtime_ms": 41.946126302083336,
      "peak_memory_kb": 172.89973958333334,
      "success_rate": 1.0
    },
    "BULB": {
      "path_cost": 9286.086666666666,
      "path_length": 25.666666666666668,
      "nodes_expanded": 6464.333333333333,
      "nodes_created": 740.6666666666666,
      "runtime_ms": 67.70556640625,
      "peak_memory_kb": 983.8111979166666,
      "success_rate": 1.0
    },
    "BFS": {
      "path_cost": 12462.15,
      "path_length": 18.333333333333332,
      "nodes_expanded": 2106.0,
      "nodes_created": 31620.0,
      "runtime_ms": 314.2181803385417,
      "peak_memory_kb": 257.3372395833333,
      "success_rate": 1.0
    },
    "DFS": {
      "path_cost": 979227.6933333318,
      "path_length": 1957.3333333333333,
      "nodes_expanded": 3156.0,
      "nodes_created": 47105.666666666664,
      "runtime_ms": 85.42765299479167,
      "peak_memory_kb": 3682.3528645833335,
      "success_rate": 1.0
    }
  },
  "8000": {
    "UCS": {
      "path_cost": 18021.820000000003,
      "path_length": 38.0,
      "nodes_expanded": 4797.666666666667,
      "nodes_created": 72107.0,
      "runtime_ms": 227.35164388020834,
      "peak_memory_kb": 792.8606770833334,
      "success_rate": 1.0
    },
    "Greedy": {
      "path_cost": 23635.546666666665,
      "path_length": 30.0,
      "nodes_expanded": 30.0,
      "nodes_created": 425.3333333333333,
      "runtime_ms": 2.38134765625,
      "peak_memory_kb": 69.06119791666667,
      "success_rate": 1.0
    },
    "A*": {
      "path_cost": 18021.820000000003,
      "path_length": 38.0,
      "nodes_expanded": 1236.6666666666667,
      "nodes_created": 18572.0,
      "runtime_ms": 88.848876953125,
      "peak_memory_kb": 279.6041666666667,
      "success_rate": 1.0
    },
    "BULB": {
      "path_cost": 18021.820000000003,
      "path_length": 38.0,
      "nodes_expanded": 14077.333333333334,
      "nodes_created": 1470.0,
      "runtime_ms": 145.218017578125,
      "peak_memory_kb": 2075.484375,
      "success_rate": 1.0
    },
    "BFS": {
      "path_cost": 22631.900000000005,
      "path_length": 27.0,
      "nodes_expanded": 4534.0,
      "nodes_created": 68127.33333333333,
      "runtime_ms": 883.4056803385416,
      "peak_memory_kb": 484.3697916666667,
      "success_rate": 1.0
    },
    "DFS": {
      "path_cost": 1916343.0466666706,
      "path_length": 2996.6666666666665,
      "nodes_expanded": 11200.333333333334,
      "nodes_created": 168204.33333333334,
      "runtime_ms": 297.9891764322917,
      "peak_memory_kb": 6994.201822916667,
      "success_rate": 1.0
    }
  },
  "10000": {
    "UCS": {
      "path_cost": 23613.50666666667,
      "path_length": 45.0,
      "nodes_expanded": 5352.333333333333,
      "nodes_created": 80489.0,
      "runtime_ms": 255.96533203125,
      "peak_memory_kb": 611.18359375,
      "success_rate": 1.0
    },
    "Greedy": {
      "path_cost": 29588.986666666668,
      "path_length": 33.666666666666664,
      "nodes_expanded": 33.666666666666664,
      "nodes_created": 494.0,
      "runtime_ms": 2.8661295572916665,
      "peak_memory_kb": 83.1171875,
      "success_rate": 1.0
    },
    "A*": {
      "path_cost": 23613.50666666667,
      "path_length": 45.0,
      "nodes_expanded": 2005.6666666666667,
      "nodes_created": 30111.0,
      "runtime_ms": 143.79931640625,
      "peak_memory_kb": 322.66796875,
      "success_rate": 1.0
    },
    "BULB": {
      "path_cost": 23613.50666666667,
      "path_length": 45.0,
      "nodes_expanded": 22998.333333333332,
      "nodes_created": 2278.3333333333335,
      "runtime_ms": 241.36555989583334,
      "peak_memory_kb": 3393.9934895833335,
      "success_rate": 1.0
    },
    "BFS": {
      "path_cost": 29739.23,
      "path_length": 31.0,
      "nodes_expanded": 4962.333333333333,
      "nodes_created": 74624.66666666667,