{
  "1000": {
    "DFS": {
      "path_cost": 24097.226666666666,
      "path_length": 96.66666666666667,
      "nodes_expanded": 245.33333333333334,
      "nodes_created": 3700.3333333333335,
      "runtime_ms": 173.23787434895834,
      "peak_memory_kb": 124.54296875,
      "success_rate": 1.0
    },
    "Greedy": {
      "path_cost": 2475.78,
      "path_length": 10.0,
      "nodes_expanded": 10.0,
      "nodes_created": 136.33333333333334,
      "runtime_ms": 1.00634765625,
      "peak_memory_kb": 17.1171875,
      "success_rate": 1.0
    },
    "A*": {
      "path_cost": 1964.033333333333,
      "path_length": 13.666666666666666,
      "nodes_expanded": 133.0,
      "nodes_created": 1968.3333333333333,
      "runtime_ms": 11.407958984375,
      "peak_memory_kb": 54.246744791666664,
      "success_rate": 1.0
    },
    "BFS": {
      "path_cost": 2683.5,
      "path_length": 9.666666666666666,
      "nodes_expanded": 290.6666666666667,
      "nodes_created": 4387.666666666667,
      "runtime_ms": 20.10546875,
      "peak_memory_kb": 54.11328125,
      "success_rate": 1.0
    },
    "UCS": {
      "path_cost": 1964.033333333333,
      "path_length": 13.666666666666666,
      "nodes_expanded": 379.6666666666667,
      "nodes_created": 5715.0,
      "runtime_ms": 18.378824869791668,
      "peak_memory_kb": 83.76334635416667,
      "success_rate": 1.0
    },
    "BULB": {
      "path_cost": 1964.033333333333,
      "path_length": 13.666666666666666,
      "nodes_expanded": 1554.6666666666667,
      "nodes_created": 209.66666666666666,
      "runtime_ms": 16.811442057291668,
      "peak_memory_kb": 202.12630208333334,
      "success_rate": 1.0
    }
  },
  "3000": {
    "DFS": {
      "path_cost": 102132.13333333335,
      "path_length": 240.66666666666666,
      "nodes_expanded": 1157.0,
      "nodes_created": 17232.0,
      "runtime_ms": 2190.2936197916665,
      "peak_memory_kb": 399.2864583333333,
      "success_rate": 1.0
    },
    "Greedy": {
      "path_cost": 8444.630000000001,
      "path_length": 19.333333333333332,
      "nodes_expanded": 19.333333333333332,
      "nodes_created": 274.0,
      "runtime_ms": 2.6668294270833335,
      "peak_memory_kb": 42.368489583333336,
      "success_rate": 1.0
    },
    "A*": {
      "path_cost": 6832.306666666667,
      "path_length": 22.333333333333332,
      "nodes_expanded": 458.3333333333333,
      "nodes_created": 6903.666666666667,
      "runtime_ms": 39.286051432291664,
      "peak_memory_kb": 134.82291666666666,
      "success_rate": 1.0
    },
    "BFS": {
      "path_cost": 8390.346666666666,
      "path_length": 16.333333333333332,
      "nodes_expanded": 1312.3333333333333,
      "nodes_created": 19661.666666666668,
      "runtime_ms": 147.63810221354166,
      "peak_memory_kb": 189.66276041666666,
      "success_rate": 1.0
    },
    "UCS": {
      "path_cost": 6832.306666666667,
      "path_length": 22.333333333333332,
      "nodes_expanded": 1572.6666666666667,
      "nodes_created": 23494.0,
      "runtime_ms": 74.087890625,
      "peak_memory_kb": 262.71875,
      "success_rate": 1.0
    },
    "BULB": {
      "path_cost": 6832.306666666667,
      "path_length": 22.333333333333332,
      "nodes_expanded": 5809.666666666667,
      "nodes_created": 600.3333333333334,
      "runtime_ms": 60.873697916666664,
      "peak_memory_kb": 573.0130208333334,
      "success_rate": 1.0
    }
  },
  "5000": {
    "DFS": {
      "path_cost": 182203.35,
      "path_length": 328.0,
      "nodes_expanded": 795.0,
      "nodes_created": 11826.333333333334,
      "runtime_ms": 1706.6582845052083,
      "peak_memory_kb": 409.3697916666667,
      "success_rate": 1.0
    },
    "Greedy": {
      "path_cost": 13923.343333333332,
      "path_length": 23.333333333333332,
      "nodes_expanded": 23.333333333333332,
      "nodes_created": 334.3333333333333,
      "runtime_ms": 1.99853515625,
      "peak_memory_kb": 52.290364583333336,
      "success_rate": 1.0
    },
    "A*": {
      "path_cost": 11028.04,
      "path_length": 31.0,
      "nodes_expanded": 747.3333333333334,
      "nodes_created": 11162.666666666666,
      "runtime_ms": 63.947835286458336,
      "peak_memory_kb": 181.70703125,
      "success_rate": 1.0
    },
    "BFS": {
      "path_cost": 14409.33,
      "path_length": 21.333333333333332,
      "nodes_expanded": 2437.3333333333335,
      "nodes_created": 36481.0,
      "runtime_ms": 353.2578125,
      "peak_memory_kb": 213.23958333333334,
      "success_rate": 1.0
    },
    "UCS": {
      "path_cost": 11028.04,
      "path_length": 31.0,
      "nodes_expanded": 2750.0,
      "nodes_created": 41172.333333333336,
      "runtime_ms": 132.39265950520834,
      "peak_memory_kb": 359.39453125,
      "success_rate": 1.0
    },
    "BULB": {
      "path_cost": 11028.04,
      "path_length": 31.0,
      "nodes_expanded": 9577.333333333334,
      "nodes_created": 927.6666666666666,
      "runtime_ms": 101.76692708333333,
      "peak_memory_kb": 781.01953125,
      "success_rate": 1.0
    }
  },
  "8000": {
    "DFS": {
      "path_cost": 408692.97666666657,
      "path_length": 584.6666666666666,
      "nodes_expanded": 1841.6666666666667,
      "nodes_created": 27665.666666666668,
      "runtime_ms": 7822.6650390625,
      "peak_memory_kb": 750.2786458333334,
      "success_rate": 1.0
    },
    "Greedy": {
      "path_cost": 12130.590000000002,
      "path_length": 17.333333333333332,
      "nodes_expanded": 17.333333333333332,
      "nodes_created": 254.0,
      "runtime_ms": 1.666259765625,
      "peak_memory_kb": 34.940104166666664,
      "success_rate": 1.0
    },
    "A*": {
      "path_cost": 10203.593333333336,
      "path_length": 21.666666666666668,
      "nodes_expanded": 517.6666666666666,
      "nodes_created": 7764.333333333333,
      "runtime_ms": 45.977945963541664,
      "peak_memory_kb": 186.41015625,
      "success_rate": 1.0
    },
    "BFS": {
      "path_cost": 12704.793333333335,
      "path_length": 15.333333333333334,
      "nodes_expanded": 1918.0,
      "nodes_created": 28646.333333333332,
      "runtime_ms": 356.7259114583333,
      "peak_memory_kb": 275.36328125,
      "success_rate": 1.0
    },
    "UCS": {
      "path_cost": 10203.593333333336,
      "path_length": 21.666666666666668,
      "nodes_expanded": 2467.0,
      "nodes_created": 36900.0,
      "runtime_ms": 120.25764973958333,
      "peak_memory_kb": 450.0455729166667,
      "success_rate": 1.0
    },
    "BULB": {
      "path_cost": 10203.593333333336,
      "path_length": 21.666666666666668,
      "nodes_expanded": 6450.333333333333,
      "nodes_created": 718.3333333333334,
      "runtime_ms": 70.64558919270833,
      "peak_memory_kb": 703.73828125,
      "success_rate": 1.0
    }
  },
  "10000": {
    "DFS": {
      "path_cost": 562273.9766666669,
      "path_length": 713.0,
      "nodes_expanded": 2258.0,
      "nodes_created": 33795.666666666664,
      "runtime_ms": 10654.082438151041,
      "peak_memory_kb": 965.35546875,
      "success_rate": 1.0
    },
    "Greedy": {
      "path_cost": 19682.106666666667,
      "path_length": 22.666666666666668,
      "nodes_expanded": 22.666666666666668,
      "nodes_created": 333.0,
      "runtime_ms": 2.825927734375,
      "peak_memory_kb": 52.567708333333336,
      "success_rate": 1.0
    },
    "A*": {
      "path_cost": 15479.470000000001,
      "path_length": 29.666666666666668,
      "nodes_expanded": 713.6666666666666,
      "nodes_created": 10665.0,
      "runtime_ms": 61.952799479166664,
      "peak_memory_kb": 207.9375,
      "success_rate": 1.0
    },
    "BFS": {
      "path_cost": 18987.823333333334,
      "path_length": 21.333333333333332,
      "nodes_expanded": 2734.3333333333335,
      "nodes_created": 40964.666666666664,
      "runtime_ms": 470.1079915364583,
      "peak_memory_kb": 276.0911458333333,
      "success_rate": 1.0
    },
    "UCS": {
      "path_cost": 15479.470000000001,
      "path_length": 29.666666666666668,