{
  "1000": {
    "Greedy": {
      "path_cost": 2337.3759999999993,
      "path_length": 9.8,
      "nodes_expanded": 9.8,
      "nodes_created": 134.4,
      "runtime_ms": 0.589501953125,
      "success_rate": 1.0
    },
    "BULB": {
      "path_cost": 1873.1060000000004,
      "path_length": 11.6,
      "nodes_expanded": 740.2,
      "nodes_created": 1581.8,
      "runtime_ms": 9.09599609375,
      "success_rate": 1.0
    },
    "DFS": {
      "path_cost": 21752.697999999997,
      "path_length": 89.0,
      "nodes_expanded": 263.4,
      "nodes_created": 3945.4,
      "runtime_ms": 127.6830078125,
      "success_rate": 1.0
    },
    "UCS": {
      "path_cost": 1873.1060000000004,
      "path_length": 11.6,
      "nodes_expanded": 386.0,
      "nodes_created": 5773.2,
      "runtime_ms": 12.051220703125,
      "success_rate": 1.0
    },
    "A*": {
      "path_cost": 1873.1060000000004,
      "path_length": 11.6,
      "nodes_expanded": 108.0,
      "nodes_created": 1581.8,
      "runtime_ms": 5.961474609375,
      "success_rate": 1.0
    },
    "BFS": {
      "path_cost": 2440.59,
      "path_length": 9.0,
      "nodes_expanded": 321.4,
      "nodes_created": 4812.0,
      "runtime_ms": 16.94013671875,
      "success_rate": 1.0
    }
  },
  "3000": {
    "Greedy": {
      "path_cost": 7197.93,
      "path_length": 16.0,
      "nodes_expanded": 16.0,
      "nodes_created": 217.0,
      "runtime_ms": 0.932275390625,
      "success_rate": 1.0
    },
    "BULB": {
      "path_cost": 5682.589999999999,
      "path_length": 20.2,
      "nodes_expanded": 2936.4,
      "nodes_created": 4816.6,
      "runtime_ms": 29.252734375,
      "success_rate": 1.0
    },
    "DFS": {
      "path_cost": 99828.94400000002,
      "path_length": 233.2,
      "nodes_expanded": 904.8,
      "nodes_created": 13548.8,
      "runtime_ms": 1186.60654296875,
      "success_rate": 1.0
    },
    "UCS": {
      "path_cost": 5682.589999999999,
      "path_length": 20.2,
      "nodes_expanded": 1037.6,
      "nodes_created": 15567.8,
      "runtime_ms": 34.7068359375,
      "success_rate": 1.0
    },
    "A*": {
      "path_cost": 5682.589999999999,
      "path_length": 20.2,
      "nodes_expanded": 322.2,
      "nodes_created": 4831.2,
      "runtime_ms": 19.07294921875,
      "success_rate": 1.0
    },
    "BFS": {
      "path_cost": 7579.447999999999,
      "path_length": 14.8,
      "nodes_expanded": 954.8,
      "nodes_created": 14347.4,
      "runtime_ms": 65.60048828125,
      "success_rate": 1.0
    }
  },
  "5000": {
    "Greedy": {
      "path_cost": 12453.306,
      "path_length": 21.6,
      "nodes_expanded": 21.6,
      "nodes_created": 303.0,
      "runtime_ms": 1.336083984375,
      "success_rate": 1.0
    },
    "BULB": {
      "path_cost": 9816.297999999999,
      "path_length": 26.8,
      "nodes_expanded": 7966.8,
      "nodes_created": 11970.0,
      "runtime_ms": 82.198291015625,
      "success_rate": 1.0
    },
    "DFS": {
      "path_cost": 201212.18199999997,
      "path_length": 355.4,
      "nodes_expanded": 1395.0,
      "nodes_created": 20853.4,
      "runtime_ms": 2598.13876953125,
      "success_rate": 1.0
    },
    "UCS": {
      "path_cost": 9816.297999999999,
      "path_length": 26.8,
      "nodes_expanded": 2460.6,
      "nodes_created": 36790.6,
      "runtime_ms": 86.993505859375,
      "success_rate": 1.0
    },
    "A*": {
      "path_cost": 9816.297999999999,
      "path_length": 26.8,
      "nodes_expanded": 802.6,
      "nodes_created": 11988.0,
      "runtime_ms": 51.1033203125,
      "success_rate": 1.0
    },
    "BFS": {
      "path_cost": 12929.486,
      "path_length": 19.4,
      "nodes_expanded": 2347.4,
      "nodes_created": 35102.6,
      "runtime_ms": 274.403515625,
      "success_rate": 1.0
    }
  },
  "8000": {
    "Greedy": {
      "path_cost": 23165.872000000003,
      "path_length": 28.6,
      "nodes_expanded": 28.6,
      "nodes_created": 425.2,
      "runtime_ms": 5.49775390625,
      "success_rate": 1.0
    },
    "BULB": {
      "path_cost": 18096.528,
      "path_length": 37.6,
      "nodes_expanded": 11923.2,
      "nodes_created": 16451.8,
      "runtime_ms": 178.588720703125,
      "success_rate": 1.0
    },
    "DFS": {
      "path_cost": 296434.9419999999,
      "path_length": 423.6,
      "nodes_expanded": 681.8,
      "nodes_created": 10173.6,
      "runtime_ms": 1903.4220703125,
      "success_rate": 1.0
    },
    "UCS": {
      "path_cost": 18096.528,
      "path_length": 37.6,
      "nodes_expanded": 3271.6,
      "nodes_created": 48983.4,
      "runtime_ms": 194.970556640625,
      "success_rate": 1.0
    },
    "A*": {
      "path_cost": 18096.528,
      "path_length": 37.6,
      "nodes_expanded": 1102.6,
      "nodes_created": 16502.4,
      "runtime_ms": 85.005029296875,
      "success_rate": 1.0
    },
    "BFS": {
      "path_cost": 23202.289999999997,
      "path_length": 26.0,
      "nodes_expanded": 2959.8,
      "nodes_created": 44332.0,
      "runtime_ms": 384.012109375,
      "success_rate": 1.0
    }
  },
  "10000": {
    "Greedy": {
      "path_cost": 23797.358000000004,
      "path_length": 27.8,
      "nodes_expanded": 27.8,
      "nodes_created": 393.8,
      "runtime_ms": 1.81982421875,
      "success_rate": 1.0
    },
    "BULB": {
      "path_cost": 18645.870000000003,
      "path_length": 34.4,
      "nodes_expanded": 11853.4,
      "nodes_created": 16604.0,
      "runtime_ms": 134.036669921875,
      "success_rate": 1.0
    },
    "DFS": {
      "path_cost": 528198.8339999999,
      "path_length": 675.4,
      "nodes_expanded": 1383.4,
      "nodes_created": 20725.0,
      "runtime_ms": 4823.1044921875,
      "success_rate": 1.0
    },
    "UCS": {
      "path_cost": 18645.870000000003,
      "path_length": 34.4,
      "nodes_expanded": 5571.6,
      "nodes_created": 83450.4,
      "runtime_ms": 210.682275390625,
      "success_rate": 1.0
    },
    "A*": {
      "path_cost": 18645.870000000003,
      "path_length": 34.4,
      "nodes_expanded": 1117.2,
      "nodes_created": 16655.8,
      "runtime_ms": 67.15009765625,
      "success_rate": 1.0
    },
    "BFS": {
      "path_cost": 24065.036,
      "path_length": 25.8,
      "nodes_expanded": 5339.4,
      "nodes_created": 80036.2,
      "runtime_ms": 1033.66201171875,
      "success_rate": 1.0
    }
  }
}