{
  "1000": {
    "A*": {
      "path_cost": 1873.1060000000004,
      "path_length": 11.6,
      "nodes_expanded": 108.0,
      "nodes_created": 1581.8,
      "runtime_ms": 9.477392578125,
      "peak_memory_kb": 48.3873046875,
      "success_rate": 1.0
    },
    "DFS": {
      "path_cost": 21752.697999999997,
      "path_length": 89.0,
      "nodes_expanded": 263.4,
      "nodes_created": 3945.4,
      "runtime_ms": 173.40361328125,
      "peak_memory_kb": 128.8537109375,
      "success_rate": 1.0
    },
    "Greedy": {
      "path_cost": 2337.3759999999993,
      "path_length": 9.8,
      "nodes_expanded": 9.8,
      "nodes_created": 134.4,
      "runtime_ms": 0.999853515625,
      "peak_memory_kb": 16.3640625,
      "success_rate": 1.0
    },
    "UCS": {
      "path_cost": 1873.1060000000004,
      "path_length": 11.6,
      "nodes_expanded": 386.0,
      "nodes_created": 5773.2,
      "runtime_ms": 18.414306640625,
      "peak_memory_kb": 101.046875,
      "success_rate": 1.0
    },
    "BULB": {
      "path_cost": 1873.1060000000004,
      "path_length": 11.6,
      "nodes_expanded": 740.2,
      "nodes_created": 1581.8,
      "runtime_ms": 14.511083984375,
      "peak_memory_kb": 456.5572265625,
      "success_rate": 1.0
    },
    "BFS": {
      "path_cost": 2440.59,
      "path_length": 9.0,
      "nodes_expanded": 321.4,
      "nodes_created": 4812.0,
      "runtime_ms": 25.160498046875,
      "peak_memory_kb": 52.4189453125,
      "success_rate": 1.0
    }
  },
  "3000": {
    "A*": {
      "path_cost": 5682.589999999999,
      "path_length": 20.2,
      "nodes_expanded": 322.2,
      "nodes_created": 4831.2,
      "runtime_ms": 30.605126953125,
      "peak_memory_kb": 112.79375,
      "success_rate": 1.0
    },
    "DFS": {
      "path_cost": 99828.94400000002,
      "path_length": 233.2,
      "nodes_expanded": 904.8,
      "nodes_created": 13548.8,
      "runtime_ms": 1602.371826171875,
      "peak_memory_kb": 363.28125,
      "success_rate": 1.0
    },
    "Greedy": {
      "path_cost": 7197.93,
      "path_length": 16.0,
      "nodes_expanded": 16.0,
      "nodes_created": 217.0,
      "runtime_ms": 1.84423828125,
      "peak_memory_kb": 32.14296875,
      "success_rate": 1.0
    },
    "UCS": {
      "path_cost": 5682.589999999999,
      "path_length": 20.2,
      "nodes_expanded": 1037.6,
      "nodes_created": 15567.8,
      "runtime_ms": 50.425,
      "peak_memory_kb": 155.91328125,
      "success_rate": 1.0
    },
    "BULB": {
      "path_cost": 5682.589999999999,
      "path_length": 20.2,
      "nodes_expanded": 2936.4,
      "nodes_created": 4816.6,
      "runtime_ms": 50.275341796875,
      "peak_memory_kb": 1086.46015625,
      "success_rate": 1.0
    },
    "BFS": {
      "path_cost": 7579.447999999999,
      "path_length": 14.8,
      "nodes_expanded": 954.8,
      "nodes_created": 14347.4,
      "runtime_ms": 92.957470703125,
      "peak_memory_kb": 95.04453125,
      "success_rate": 1.0
    }
  },
  "5000": {
    "A*": {
      "path_cost": 9816.297999999999,
      "path_length": 26.8,
      "nodes_expanded": 802.6,
      "nodes_created": 11988.0,
      "runtime_ms": 69.641650390625,
      "peak_memory_kb": 246.59765625,
      "success_rate": 1.0
    },
    "DFS": {
      "path_cost": 201212.18199999997,
      "path_length": 355.4,
      "nodes_expanded": 1395.0,
      "nodes_created": 20853.4,
      "runtime_ms": 3538.20390625,
      "peak_memory_kb": 545.15859375,
      "success_rate": 1.0
    },
    "Greedy": {
      "path_cost": 12453.306,
      "path_length": 21.6,
      "nodes_expanded": 21.6,
      "nodes_created": 303.0,
      "runtime_ms": 2.093408203125,
      "peak_memory_kb": 47.9359375,
      "success_rate": 1.0
    },
    "UCS": {
      "path_cost": 9816.297999999999,
      "path_length": 26.8,
      "nodes_expanded": 2460.6,
      "nodes_created": 36790.6,
      "runtime_ms": 115.0841796875,
      "peak_memory_kb": 332.4828125,
      "success_rate": 1.0
    },
    "BULB": {
      "path_cost": 9816.297999999999,
      "path_length": 26.8,
      "nodes_expanded": 7966.8,
      "nodes_created": 11970.0,
      "runtime_ms": 120.30283203125,
      "peak_memory_kb": 2449.6015625,
      "success_rate": 1.0
    },
    "BFS": {
      "path_cost": 12929.486,
      "path_length": 19.4,
      "nodes_expanded": 2347.4,
      "nodes_created": 35102.6,
      "runtime_ms": 348.534375,
      "peak_memory_kb": 210.209375,
      "success_rate": 1.0
    }
  },
  "8000": {
    "A*": {
      "path_cost": 18096.528,
      "path_length": 37.6,
      "nodes_expanded": 1102.6,
      "nodes_created": 16502.4,
      "runtime_ms": 95.891015625,
      "peak_memory_kb": 274.77265625,
      "success_rate": 1.0
    },
    "DFS": {
      "path_cost": 296434.9419999999,
      "path_length": 423.6,
      "nodes_expanded": 681.8,
      "nodes_created": 10173.6,
      "runtime_ms": 2479.90029296875,
      "peak_memory_kb": 506.565625,
      "success_rate": 1.0
    },
    "Greedy": {
      "path_cost": 23165.872000000003,
      "path_length": 28.6,
      "nodes_expanded": 28.6,
      "nodes_created": 425.2,
      "runtime_ms": 3.402587890625,
      "peak_memory_kb": 69.6828125,
      "success_rate": 1.0
    },
    "UCS": {
      "path_cost": 18096.528,
      "path_length": 37.6,
      "nodes_expanded": 3271.6,
      "nodes_created": 48983.4,
      "runtime_ms": 159.317578125,
      "peak_memory_kb": 375.04765625,
      "success_rate": 1.0
    },
    "BULB": {
      "path_cost": 18096.528,
      "path_length": 37.6,
      "nodes_expanded": 11923.2,
      "nodes_created": 16451.8,
      "runtime_ms": 169.803662109375,
      "peak_memory_kb": 2843.27890625,
      "success_rate": 1.0
    },
    "BFS": {
      "path_cost": 23202.289999999997,
      "path_length": 26.0,
      "nodes_expanded": 2959.8,
      "nodes_created": 44332.0,
      "runtime_ms": 414.479833984375,
      "peak_memory_kb": 257.4296875,
      "success_rate": 1.0
    }
  },
  "10000": {
    "A*": {
      "path_cost": 18645.870000000003,
      "path_length": 34.4,
      "nodes_expanded": 1117.2,
      "nodes_created": 16655.8,
      "runtime_ms": 96.60810546875,
      "peak_memory_kb": 297.57265625,
      "success_rate": 1.0
    },
    "DFS": {
      "path_cost": 528198.8339999999,
      "path_length": 675.4,
      "nodes_expanded": 1383.4,
      "nodes_created": 20725.0,
      "runtime_ms": 6674.4822265625,
      "peak_memory_kb": 859.55,
      "success_rate": 1.0
    },
    "Greedy": {
      "path_cost": 23797.358000000004,
      "path_length": 27.8,
      "nodes_expanded": 27.8,
      "nodes_created": 393.8,
      "runtime_ms": 2.92099609375,
      "peak_memory_kb": 64.75,
      "success_rate": 1.0
    },
    "UCS": {
      "path_cost": 18645.870000000003,
      "path_length": 34.4,
      "nodes_expanded": 5571.6,
      "nodes_created": 83450.4,
      "runtime_ms": 273.081494140625,
      "peak_memory_kb": 917.975,
      "success_rate": 1.0
    },
    "BULB": {
      "path_cost": 18645.870000000003,
      "path_length": 34.4,
      "nodes_expanded": 11853.4,
      "nodes_created": 16604.0,
      "runtime_ms": 170.8587890625,
      "peak_memory_kb": 3055.87265625,
      "success_rate": 1.0
    },
    "BFS": {
      "path_cost": 24065.036,
      "path_length": 25.8,
      "nodes_expanded": 5339.4,
      "nodes_created": 80036.2,
      "runtime_ms": 1327.361279296875,
      "peak_memory_kb": 752.62265625,
      "success_rate": 1.0
    }
  }
}