{
  "1000": {
    "BFS": {
      "path_cost": 2562.8333333333335,
      "path_length": 10.0,
      "nodes_expanded": 384.0,
      "nodes_created": 5700.666666666667,
      "runtime_ms": 29.374430338541668,
      "peak_memory_kb": 70.0224609375,
      "success_rate": 1.0
    },
    "DFS": {
      "path_cost": 163809.3300000001,
      "path_length": 711.3333333333334,
      "nodes_expanded": 1155.6666666666667,
      "nodes_created": 17164.666666666668,
      "runtime_ms": 32.519205729166664,
      "peak_memory_kb": 1230.62890625,
      "success_rate": 1.0
    },
    "A*": {
      "path_cost": 2363.9133333333334,
      "path_length": 13.0,
      "nodes_expanded": 163.66666666666666,
      "nodes_created": 2453.0,
      "runtime_ms": 12.97802734375,
      "peak_memory_kb": 67.6669921875,
      "success_rate": 1.0
    },
    "UCS": {
      "path_cost": 2363.9133333333334,
      "path_length": 13.0,
      "nodes_expanded": 512.3333333333334,
      "nodes_created": 7582.666666666667,
      "runtime_ms": 23.244466145833332,
      "peak_memory_kb": 116.60611979166667,
      "success_rate": 1.0
    },
    "BULB": {
      "path_cost": 2870.8233333333337,
      "path_length": 20.666666666666668,
      "nodes_expanded": 221.66666666666666,
      "nodes_created": 2124.0,
      "runtime_ms": 17.350667317708332,
      "peak_memory_kb": 172.98404947916666,
      "success_rate": 1.0
    },
    "Greedy": {
      "path_cost": 2995.593333333333,
      "path_length": 10.666666666666666,
      "nodes_expanded": 10.666666666666666,
      "nodes_created": 144.33333333333334,
      "runtime_ms": 1.1741536458333333,
      "peak_memory_kb": 20.2578125,
      "success_rate": 1.0
    }
  },
  "3000": {
    "BFS": {
      "path_cost": 9844.359999999999,
      "path_length": 18.333333333333332,
      "nodes_expanded": 1636.3333333333333,
      "nodes_created": 24510.333333333332,
      "runtime_ms": 194.30045572916666,
      "peak_memory_kb": 181.65885416666666,
      "success_rate": 1.0
    },
    "DFS": {
      "path_cost": 547777.1866666668,
      "path_length": 1384.6666666666667,
      "nodes_expanded": 2307.3333333333335,
      "nodes_created": 34589.0,
      "runtime_ms": 62.761881510416664,
      "peak_memory_kb": 2529.2864583333335,
      "success_rate": 1.0
    },
    "A*": {
      "path_cost": 7404.666666666667,
      "path_length": 26.666666666666668,
      "nodes_expanded": 563.6666666666666,
      "nodes_created": 8403.0,
      "runtime_ms": 39.962320963541664,
      "peak_memory_kb": 147.6875,
      "success_rate": 1.0
    },
    "UCS": {
      "path_cost": 7404.666666666667,
      "path_length": 26.666666666666668,
      "nodes_expanded": 1737.0,
      "nodes_created": 25996.0,
      "runtime_ms": 80.74943033854167,
      "peak_memory_kb": 259.0859375,
      "success_rate": 1.0
    },
    "BULB": {
      "path_cost": 8477.39,
      "path_length": 37.666666666666664,
      "nodes_expanded": 823.6666666666666,
      "nodes_created": 7037.333333333333,
      "runtime_ms": 58.81201171875,
      "peak_memory_kb": 516.07421875,
      "success_rate": 1.0
    },
    "Greedy": {
      "path_cost": 9584.686666666666,
      "path_length": 21.0,
      "nodes_expanded": 21.0,
      "nodes_created": 294.0,
      "runtime_ms": 1.9013671875,
      "peak_memory_kb": 43.319010416666664,
      "success_rate": 1.0
    }
  },
  "5000": {
    "BFS": {
      "path_cost": 12462.15,
      "path_length": 18.333333333333332,
      "nodes_expanded": 2106.0,
      "nodes_created": 31620.0,
      "runtime_ms": 311.4111328125,
      "peak_memory_kb": 257.3372395833333,
      "success_rate": 1.0
    },
    "DFS": {
      "path_cost": 979227.6933333318,
      "path_length": 1957.3333333333333,
      "nodes_expanded": 3156.0,
      "nodes_created": 47105.666666666664,
      "runtime_ms": 89.12711588541667,
      "peak_memory_kb": 3683.42578125,
      "success_rate": 1.0
    },
    "A*": {
      "path_cost": 9286.086666666666,
      "path_length": 25.666666666666668,
      "nodes_expanded": 576.6666666666666,
      "nodes_created": 8633.0,
      "runtime_ms": 41.52783203125,
      "peak_memory_kb": 172.89973958333334,
      "success_rate": 1.0
    },
    "UCS": {
      "path_cost": 9286.086666666666,
      "path_length": 25.666666666666668,
      "nodes_expanded": 2274.6666666666665,
      "nodes_created": 34086.666666666664,
      "runtime_ms": 106.4169921875,
      "peak_memory_kb": 341.1041666666667,
      "success_rate": 1.0
    },
    "BULB": {
      "path_cost": 10425.946666666667,
      "path_length": 38.0,
      "nodes_expanded": 752.0,
      "nodes_created": 6876.333333333333,
      "runtime_ms": 57.134114583333336,
      "peak_memory_kb": 544.31640625,
      "success_rate": 1.0
    },
    "Greedy": {
      "path_cost": 12158.203333333333,
      "path_length": 20.666666666666668,
      "nodes_expanded": 20.666666666666668,
      "nodes_created": 296.3333333333333,
      "runtime_ms": 1.66748046875,
      "peak_memory_kb": 44.220052083333336,
      "success_rate": 1.0
    }
  },
  "8000": {
    "BFS": {
      "path_cost": 22631.900000000005,
      "path_length": 27.0,
      "nodes_expanded": 4534.0,
      "nodes_created": 68127.33333333333,
      "runtime_ms": 891.4765625,
      "peak_memory_kb": 484.3697916666667,
      "success_rate": 1.0
    },
    "DFS": {
      "path_cost": 1916343.0466666706,
      "path_length": 2996.6666666666665,
      "nodes_expanded": 11200.333333333334,
      "nodes_created": 168204.33333333334,
      "runtime_ms": 294.9287109375,
      "peak_memory_kb": 6994.180989583333,
      "success_rate": 1.0
    },
    "A*": {
      "path_cost": 18021.820000000003,
      "path_length": 38.0,
      "nodes_expanded": 1236.6666666666667,
      "nodes_created": 18572.0,
      "runtime_ms": 87.6142578125,
      "peak_memory_kb": 279.6041666666667,
      "success_rate": 1.0
    },
    "UCS": {
      "path_cost": 18021.820000000003,
      "path_length": 38.0,
      "nodes_expanded": 4797.666666666667,
      "nodes_created": 72107.0,
      "runtime_ms": 226.42618815104166,
      "peak_memory_kb": 793.68359375,
      "success_rate": 1.0
    },
    "BULB": {
      "path_cost": 20267.180000000004,
      "path_length": 55.666666666666664,
      "nodes_expanded": 2097.6666666666665,
      "nodes_created": 16479.333333333332,
      "runtime_ms": 143.91365559895834,
      "peak_memory_kb": 1168.4244791666667,
      "success_rate": 1.0
    },
    "Greedy": {
      "path_cost": 23635.546666666665,
      "path_length": 30.0,
      "nodes_expanded": 30.0,
      "nodes_created": 425.3333333333333,
      "runtime_ms": 1.97314453125,
      "peak_memory_kb": 69.06119791666667,
      "success_rate": 1.0
    }
  },
  "10000": {
    "BFS": {
      "path_cost": 29739.23,
      "path_length": 31.0,
      "nodes_expanded": 4962.333333333333,
      "nodes_created": 74624.66666666667,
      "runtime_ms": 887.964599609375,
      "peak_memory_kb": 463.578125,
      "success_rate": 1.0
    },
    "DFS": {
      "path_cost": 2084418.2866666599,
      "path_length": 2904.0,
      "nodes_expanded": 12137.666666666666,
      "nodes_created": 182768.33333333334,
      "runtime_ms": 332.72705078125,
      "peak_memory_kb": 7066.139322916667,
      "success_rate": 1.0
    },
    "A*": {
      "path_cost": 23613.50666666667,
      "path_length": 45.0,
      "nodes_expanded": 2005.6666666666667,
      "nodes_created": 30111.0,
      "runtime_ms": 145.90030924479166,
      "peak_memory_kb": 322.66796875,
      "success_rate": 1.0
    },
    "UCS": {
      "path_cost": 23613.50666666667,
      "path_length": 45.0,
      "nodes_expanded": 5352.333333333333,
      "nodes_created": 80489.0,
      "runtime_ms": 255.58951822916666,
      "peak_memory_kb": 611.18359375,
      "success_rate": 1.0
    },
    "BULB": {
      "path_cost": 26517.78,
      "path_length": 64.0,
      "nodes_expanded": 3480.3333333333335,
      "nodes_created": 25647.333333333332,
      "runtime_ms": 233.426513671875,