{
  "1000": {
    "A*": {
      "path_cost": 2363.9133333333334,
      "path_length": 13.0,
      "nodes_expanded": 163.66666666666666,
      "nodes_created": 2453.0,
      "runtime_ms": 14.871500651041666,
      "peak_memory_kb": 67.6669921875,
      "success_rate": 1.0
    },
    "UCS": {
      "path_cost": 2363.9133333333334,
      "path_length": 13.0,
      "nodes_expanded": 512.3333333333334,
      "nodes_created": 7582.666666666667,
      "runtime_ms": 26.16650390625,
      "peak_memory_kb": 116.60611979166667,
      "success_rate": 1.0
    },
    "BFS": {
      "path_cost": 2562.8333333333335,
      "path_length": 10.0,
      "nodes_expanded": 384.0,
      "nodes_created": 5700.666666666667,
      "runtime_ms": 33.225341796875,
      "peak_memory_kb": 70.0224609375,
      "success_rate": 1.0
    },
    "BULB": {
      "path_cost": 2363.9133333333334,
      "path_length": 13.0,
      "nodes_expanded": 2061.0,
      "nodes_created": 249.33333333333334,
      "runtime_ms": 18.803141276041668,
      "peak_memory_kb": 197.65234375,
      "success_rate": 1.0
    },
    "DFS": {
      "path_cost": 163809.3300000001,
      "path_length": 711.3333333333334,
      "nodes_expanded": 1155.6666666666667,
      "nodes_created": 17164.666666666668,
      "runtime_ms": 39.503743489583336,
      "peak_memory_kb": 1230.62890625,
      "success_rate": 1.0
    },
    "Greedy": {
      "path_cost": 2995.593333333333,
      "path_length": 10.666666666666666,
      "nodes_expanded": 10.666666666666666,
      "nodes_created": 144.33333333333334,
      "runtime_ms": 1.0039876302083333,
      "peak_memory_kb": 20.2578125,
      "success_rate": 1.0
    }
  },
  "3000": {
    "A*": {
      "path_cost": 7404.666666666667,
      "path_length": 26.666666666666668,
      "nodes_expanded": 563.6666666666666,
      "nodes_created": 8403.0,
      "runtime_ms": 49.006429036458336,
      "peak_memory_kb": 147.6875,
      "success_rate": 1.0
    },
    "UCS": {
      "path_cost": 7404.666666666667,
      "path_length": 26.666666666666668,
      "nodes_expanded": 1737.0,
      "nodes_created": 25996.0,
      "runtime_ms": 96.55550130208333,
      "peak_memory_kb": 259.0859375,
      "success_rate": 1.0
    },
    "BFS": {
      "path_cost": 9844.359999999999,
      "path_length": 18.333333333333332,
      "nodes_expanded": 1636.3333333333333,
      "nodes_created": 24510.333333333332,
      "runtime_ms": 205.86490885416666,
      "peak_memory_kb": 181.65885416666666,
      "success_rate": 1.0
    },
    "BULB": {
      "path_cost": 7404.666666666667,
      "path_length": 26.666666666666668,
      "nodes_expanded": 7716.666666666667,
      "nodes_created": 711.0,
      "runtime_ms": 69.922607421875,
      "peak_memory_kb": 435.5859375,
      "success_rate": 1.0
    },
    "DFS": {
      "path_cost": 547777.1866666668,
      "path_length": 1384.6666666666667,
      "nodes_expanded": 2307.3333333333335,
      "nodes_created": 34589.0,
      "runtime_ms": 88.890625,
      "peak_memory_kb": 2529.265625,
      "success_rate": 1.0
    },
    "Greedy": {
      "path_cost": 9584.686666666666,
      "path_length": 21.0,
      "nodes_expanded": 21.0,
      "nodes_created": 294.0,
      "runtime_ms": 2.1638997395833335,
      "peak_memory_kb": 43.319010416666664,
      "success_rate": 1.0
    }
  },
  "5000": {
    "A*": {
      "path_cost": 9286.086666666666,
      "path_length": 25.666666666666668,
      "nodes_expanded": 576.6666666666666,
      "nodes_created": 8633.0,
      "runtime_ms": 49.441731770833336,
      "peak_memory_kb": 172.89973958333334,
      "success_rate": 1.0
    },
    "UCS": {
      "path_cost": 9286.086666666666,
      "path_length": 25.666666666666668,
      "nodes_expanded": 2274.6666666666665,
      "nodes_created": 34086.666666666664,
      "runtime_ms": 123.930908203125,
      "peak_memory_kb": 341.1041666666667,
      "success_rate": 1.0
    },
    "BFS": {
      "path_cost": 12462.15,
      "path_length": 18.333333333333332,
      "nodes_expanded": 2106.0,
      "nodes_created": 31620.0,
      "runtime_ms": 353.7186686197917,
      "peak_memory_kb": 257.3372395833333,
      "success_rate": 1.0
    },
    "BULB": {
      "path_cost": 9286.086666666666,
      "path_length": 25.666666666666668,
      "nodes_expanded": 7862.666666666667,
      "nodes_created": 741.6666666666666,
      "runtime_ms": 68.17000325520833,
      "peak_memory_kb": 476.8606770833333,
      "success_rate": 1.0
    },
    "DFS": {
      "path_cost": 979227.6933333318,
      "path_length": 1957.3333333333333,
      "nodes_expanded": 3156.0,
      "nodes_created": 47105.666666666664,
      "runtime_ms": 105.952392578125,
      "peak_memory_kb": 3683.7903645833335,
      "success_rate": 1.0
    },
    "Greedy": {
      "path_cost": 12158.203333333333,
      "path_length": 20.666666666666668,
      "nodes_expanded": 20.666666666666668,
      "nodes_created": 296.3333333333333,
      "runtime_ms": 1.9581705729166667,
      "peak_memory_kb": 44.220052083333336,
      "success_rate": 1.0
    }
  },
  "8000": {
    "A*": {
      "path_cost": 18021.820000000003,
      "path_length": 38.0,
      "nodes_expanded": 1236.6666666666667,
      "nodes_created": 18572.0,
      "runtime_ms": 107.352294921875,
      "peak_memory_kb": 279.6041666666667,
      "success_rate": 1.0
    },
    "UCS": {
      "path_cost": 18021.820000000003,
      "path_length": 38.0,
      "nodes_expanded": 4797.666666666667,
      "nodes_created": 72107.0,
      "runtime_ms": 269.0922037760417,
      "peak_memory_kb": 792.8606770833334,
      "success_rate": 1.0
    },
    "BFS": {
      "path_cost": 22631.900000000005,
      "path_length": 27.0,
      "nodes_expanded": 4534.0,
      "nodes_created": 68127.33333333333,
      "runtime_ms": 1010.891357421875,
      "peak_memory_kb": 484.3697916666667,
      "success_rate": 1.0
    },
    "BULB": {
      "path_cost": 18021.820000000003,
      "path_length": 38.0,
      "nodes_expanded": 17470.0,
      "nodes_created": 1473.6666666666667,
      "runtime_ms": 163.92431640625,
      "peak_memory_kb": 876.1341145833334,
      "success_rate": 1.0
    },
    "DFS": {
      "path_cost": 1916343.0466666706,
      "path_length": 2996.6666666666665,
      "nodes_expanded": 11200.333333333334,
      "nodes_created": 168204.33333333334,
      "runtime_ms": 369.6639811197917,
      "peak_memory_kb": 6994.180989583333,
      "success_rate": 1.0
    },
    "Greedy": {
      "path_cost": 23635.546666666665,
      "path_length": 30.0,
      "nodes_expanded": 30.0,
      "nodes_created": 425.3333333333333,
      "runtime_ms": 2.7977701822916665,
      "peak_memory_kb": 69.06119791666667,
      "success_rate": 1.0
    }
  },
  "10000": {
    "A*": {
      "path_cost": 23613.50666666667,
      "path_length": 45.0,
      "nodes_expanded": 2005.6666666666667,
      "nodes_created": 30111.0,
      "runtime_ms": 187.17244466145834,
      "peak_memory_kb": 322.66796875,
      "success_rate": 1.0
    },
    "UCS": {
      "path_cost": 23613.50666666667,
      "path_length": 45.0,
      "nodes_expanded": 5352.333333333333,
      "nodes_created": 80489.0,
      "runtime_ms": 322.573486328125,
      "peak_memory_kb": 611.18359375,
      "success_rate": 1.0
    },
    "BFS": {
      "path_cost": 29739.23,
      "path_length": 31.0,
      "nodes_expanded": 4962.333333333333,
      "nodes_created": 74624.66666666667,
      "runtime_ms": 1029.8819173177083,
      "peak_memory_kb": 463.578125,
      "success_rate": 1.0
    },
    "BULB": {
      "path_cost": 23613.50666666667,
      "path_length": 45.0,
      "nodes_expanded": 28822.666666666668,
      "nodes_created": 2282.0,
      "runtime_ms": 278.2350260416667,
      "peak_memory_kb": 1077.4440104166667,
      "success_rate": 1.0
    },
    "DFS": {
      "path_cost": 2084418.2866666599,
      "path_length": 2904.0,
      "nodes_expanded": 12137.666666666666,
      "nodes_created": 182768.33333333334,
      "runtime_ms": 391.4661458333333,